channel,mean,std,count
green,106.058540,21.482987,86044512
red,95.983483,27.294513,86044512
nir,189.757343,40.893755,86044512
ndvi,0.322006,0.143369,86044512
